,Window Length,Train Error,Validation Error,Test Error
0,32.0,0.72613539863,1.50694144354,1.44929300938
1,64.0,0.726646667532,1.40986865032,1.45015367498
2,128.0,0.725863021569,1.44073108638,1.46295923431
3,256.0,0.727245391298,1.47767313418,1.41393396058
4,512.0,0.726024903385,1.50657222426,1.47951858769
5,1024.0,0.721538822645,1.4607257213,1.4240581352
