,Window Length,Train Error,Validation Error,Test Error
0,8.0,0.18837229283256074,0.10879719257354736,0.1144858650290049
1,16.0,0.18735358604666305,0.10508465487509966,0.10544745108255973
2,32.0,0.1911815678763063,0.10616496205329895,0.11586682001749675
3,64.0,0.19511683506712524,0.10590692888945341,0.12002410677572091
4,128.0,0.19842689975483777,0.11637729033827782,0.11861001079281171
