,Window Length,Train Error,Validation Error,Test Error
0,32.0,1.1399868458064824,1.0313522874098637,0.9981563746430239
1,64.0,1.036985614594165,1.001880917986441,0.9923650422883366
2,128.0,1.0862144463546324,1.0251600659309776,1.0417852441189412
3,256.0,1.0785303484743802,1.0412864770847017,1.0189962785366162
4,512.0,1.0132582024712087,1.044633069749271,0.9722300201494033
5,1024.0,1.130180822744641,1.0196747773729642,1.059254071430201
