,Window Length,Train Error,Validation Error,Test Error
0,32.0,1.0158552801658862,1.015950989477345,0.9995045982475068
1,64.0,1.0178717609682473,1.0235934599228178,1.011066817495134
2,128.0,0.9806602931756054,0.9928079840335088,1.0804952615073575
3,256.0,0.9004857621313942,1.0600745233871811,1.1454162451203387
4,512.0,0.8819987161088853,1.242012219400225,1.1558565083146792
5,1024.0,0.8235984208479332,1.4693341743901407,1.170229133399762
